53532d309047231f00c6434f,ODU Soccer Concessions,100 43rd Street
53532d429047231f00c64358,One Life Fitness,1900 Monticello Avenue
53532d599047231f00c64363,Pandaisia Gourmet,101 W. Main Street #1200
53532de59047231f00c643a6,Ruby Tuesday,8305 Hampton Boulevard
53532ded9047231f00c643a9,Ruffner Middle School,610 May Avenue
53532dee9047231f00c643aa,S A & H Philly Steak and Hoagie,6819 Sewells Point Rd.
53532df19047231f00c643ad,Saffron Indian Bistro,420 Monticello Avenue #170
53532df89047231f00c643b0,Saint Patrick Catholic School,1000 Bolling Ave
53532e029047231f00c643b5,Sakura Elite Sushi & Hibachi,300 Monticello Avenue #K303
53532eb49047231f00c64412,Surf Rider Taylor's Landing,8180 Shore Drive
535328ee9047231f00c64148,Bill's Seafood,956 E Little Creek Road
53532c089047231f00c642c6,Linda's Cafe,7525 Tidewater Dr
53532c1c9047231f00c642cf,Little Creek Primary School,7901 Nancy Drive
53532c409047231f00c642e1,Mallory Country Club,907 Weyanoke Street
53532c529047231f00c642eb,Max & Erma's,300 Monticello Avenue
53532c8c9047231f00c64303,Mister Softee of Hampton Roads,840 Church Street
53532c949047231f00c64307,Mo & O'Malley's Irish Pub,131 Granby St
53532cd89047231f00c64324,Norfolk Catholic Worker,520 Graydon Avenue
53532cdc9047231f00c64326,Norfolk Christian High Concession,255 Thole Street
53532cf09047231f00c6432e,Norfolk Juvenile Detention Center,1260 Security Lane
53532cf39047231f00c64330,Norfolk Montessori Academy,979 Ingleside Road
53532d099047231f00c6433b,Norfolk Yacht & Country Club Patio,7001 Hampton Boulevard
53532d339047231f00c64351,Office of Human Affairs Head Start,1055 N. Newtown Rd
53532d679047231f00c64368,Papa John's Pizza,7639 Granby Street
53532d929047231f00c6437c,Pizza Hut #4535,2352 E. Little Creek Road
53532da39047231f00c64384,Popeye's,300 St Paul's Boulevard
53532da79047231f00c64387,Poplar Hall Elementary School,5523 Pebble Lane
53532daa9047231f00c64389,Precious Pearls Childcare for Special Needs Children,7808 Wildwood Drive
53532db79047231f00c6438e,Quality Inn,8051 Hampton Boulevard
53532db99047231f00c6438f,Que Restaurant and Lobby Bar,6280 Northampton Blvd
53532dba9047231f00c64390,Quiznos,4902 Hampton Blvd.
53532dbd9047231f00c64391,Raising Cane's,4108 Monarch Way
53532dc59047231f00c64396,Ramada Ltd,515 N. Military Hwy
53532dc99047231f00c64399,Regal Cinemas Macarthur Center,300 Monticello Avenue
53532dcf9047231f00c6439c,Residence Inn Marriott Restaurant,1590 N. Military Highway
53532dd29047231f00c6439e,Richard Bowling Elementary School,2861 E Princess Anne Road
53532dda9047231f00c643a1,Rose Garden Hall Catering Kitchen,6700 Azalea Garden Rdoad
53532ddc9047231f00c643a2,Rosemont Middle School,1401 Auburn Avenue
53532df69047231f00c643af,Saint Andrews Church,1004 Graydon Ave
53532df99047231f00c643b1,Saint Pius X Catholic School,7800 Halprin Dr.
53532e0b9047231f00c643ba,Salvation Army Mobile Canteen,203 W 19Th Street
53532e769047231f00c643f6,Strawberry Fields,1510 Colley Avenue
53532e7a9047231f00c643f7,Streats,915 W. 21st Street #A
53532e7b9047231f00c643f8,Suburban Park Elementary School,310 Thole Street
53532e7d9047231f00c643f9,Subway,5900 East Virginia Beach Blvd.
53532e809047231f00c643fa,Subway,1595 International Boulevard #104
53532e819047231f00c643fb,Subway,8401 Hampton Boulevard #6
53532e859047231f00c643fd,Subway,7530 Tidewater Dr.
53532e8a9047231f00c64400,Subway,480 East Main St
53532e9a9047231f00c64406,Subway,1200 Webb Center
53532e9b9047231f00c64407,Subway,1170 N. Military Hwy
53532e9d9047231f00c64408,Subway #23225,4140 Granby St
53532e9f9047231f00c64409,Subway #49684,201 W. 21st. Street #5
53532ea49047231f00c6440b,Sun Wah Carry-Out,3535 Tidewater Drive #D
53532ea79047231f00c6440d,Sunset Paradise,4136 Granby Street
53532ea99047231f00c6440e,Super 8 Motel,1010 West Ocean View AV
53532eb69047231f00c64413,Surf Rider West,723 Newtown Road
53532eb79047231f00c64414,Sweet Frog,201 W. 21st Street #4
53532ebe9047231f00c64417,T & T Seafood Mart,4106 Colley Avenue
53532b229047231f00c64258,Gresham Hall-ODU,1023 49Th Street
53532b619047231f00c64278,Holiday Inn Norfolk Airport,1570 North Military Hwy
53532c4b9047231f00c642e6,Mary Calcott School,137 Westmont Avenue
53532cac9047231f00c6430e,Monastery Restaurant,443 Granby Street
53532cb79047231f00c64313,Mustard Seed Child Care,6901 Newport Avenue
53532cd49047231f00c64321,Nordstrom At Home Dept,301 Cumberland Street
53532cd79047231f00c64323,Norfolk Academy,1585 Wesleyan Drive
53532ce09047231f00c64328,Norfolk Collegiate High School,7336 Granby Street
53532ce39047231f00c64329,Norfolk Collegiate Lower School,5429 Tidewater Drive
53532d009047231f00c64336,Norfolk State University Tropical Smoothie,700 Park Avenue
53532d039047231f00c64338,Norfolk Tech. Voc. School,1330 N Military Highway
53532d059047231f00c64339,Norfolk Tech. Voc. School (Gentry Cafe),1330 N Military Highway
53532d239047231f00c64349,Ocean View Elementary School,9501 Mason Creek Road
53532d2a9047231f00c6434b,Ocean View Golf Management LLC,9610 Norfolk Avenue
53532d2f9047231f00c6434e,ODU Child Care Center,1520 W 48Th Street
53532d3c9047231f00c64355,Olive Garden Restaurant,5920 Virginia Beach Boulevard
53532d409047231f00c64357,Omar's Fountain Cafe,120 West Main Street
53532d4c9047231f00c6435d,Page House Inn Bed & Breakfast,323 Fairfax Avenue
53532d4e9047231f00c6435e,Pagoda Tea House & Art Gallery,265 W Tazewell Street
53532d559047231f00c64360,Panda Express #1969,300 Monticello Avenue #306
53532d579047231f00c64361,Pandaisia Gourmet,999 Waterside Drive
53532d599047231f00c64362,Pandaisia Gourmet,520 E. Main Street #1
53532d609047231f00c64365,Panera Bread #761,739 W. 21st. St.
53532d649047231f00c64367,Papa John's Pizza,2001 Colley Avenue
53532d689047231f00c64369,Park Food Store,2512 Colonial Avenue
53532d6c9047231f00c6436b,Pasha Express,340 W. 22nd Street
53532d739047231f00c6436e,Peluso's Place,528 E. Indian River Rd
53532d759047231f00c64370,Pennsylvania Dutch Funnel Cake 1,333 Waterside Drive
53532d769047231f00c64371,Pennsylvania Dutch Funnel Cake of Virginia # 2,333 Waterside Drive
53532d789047231f00c64372,Pepe NY Cafe & Pizzeria,727 W 21st Street
53532d819047231f00c64375,Philly Style Steaks & Subs,7456 Tidewater Drive
53532d849047231f00c64377,Pic Nic Stand,150 Park Avenue
53532d869047231f00c64378,Piccadilly Cafeteria,530 N Military Highway
53532d949047231f00c6437d,Pizza Hut #4536,1302 Monticello Avenue
53532da49047231f00c64385,Popeye's,5850 E Virginia Beach Boulevard
53532da59047231f00c64386,Popeye's #4970,7700 Hampton Boulevard
53532da89047231f00c64388,Powhatan Field Concession,4251 Powhatan Avenue
53532dc09047231f00c64393,Rally's,2300 Azalea Garden Road
53532dd69047231f00c6439f,Rodeway Inn,7940 Shore Dr.
53532dd89047231f00c643a0,Roger's Hall Cafeteria- ODU,1065 W 50Th Street
53532de89047231f00c643a7,Ruby Tuesday #4156,1201 North Military Highway
53532df19047231f00c643ac,Sacred Heart Catholic Church,520 Graydon Avenue
53532e069047231f00c643b7,Sal's Famous N.Y. Pizza,1207 N Military Hwy #C
53532e0a9047231f00c643b9,Salvation Army Area Command,5516 Raby Road
53532e0f9047231f00c643bc,Sandfiddler Cafe,9561 Shore Drive
53532e169047231f00c643bf,Scandal's II Restaurant,3930 E Princess Anne Road
53532e1a9047231f00c643c1,Schlotzsky's,246 E Main Street
53532e239047231f00c643c5,Selden Arcade Catering Kitchen,208 East Main St
53532e269047231f00c643c7,Sentara Leigh Hospital,830 Kempsville Road
53532e349047231f00c643cf,Shepherd's Village at Park Avenue,805 Park Avenue
53532e419047231f00c643d5,Skillets,3200 Tait Terrace #A
53532e449047231f00c643d8,Smartmouth Brewing Co.,1309 Raleigh Avenue
53532e469047231f00c643da,Smoothie Express,455 E. Brambleton Avenue
53532e499047231f00c643db,Smoothie Mania,300 Monticello Avenue
53532e4a9047231f00c643dc,Sonic Drive-In,1093 N. Military Hwy
53532e519047231f00c643e0,Soya Sushi Bar & Bistro,201 W. 21st. Street ##9
53532e529047231f00c643e1,Spirit Of Norfolk,208 Main Street
53532e589047231f00c643e3,SpringHill Suites by Marriott,4500 Hampton Blvd
53532e5a9047231f00c643e4,Springhill Suites by Marriott,6350 Newtown Road
53532e629047231f00c643e9,St Thomas AME Zion Child Care,1700 Melon Street
53532e659047231f00c643eb,Starbucks,4417 Monarch Way
53532e679047231f00c643ec,Starbucks - Webb,1200 Webb Center
53532e689047231f00c643ed,Starbucks Coffee,300 Monticello Avenue #K101
53532e699047231f00c643ee,Starbucks Coffee Co # 7478,210 E Main Street
53532e6b9047231f00c643ef,Starbucks Coffee In Ghent,1318 Colley Avenue
53532e6c9047231f00c643f0,Starbucks #7819,1119 N Military Highway #100
53532e6e9047231f00c643f1,Starbucks (#1 pre security location),2200 Norview Av
53532e709047231f00c643f2,Starbucks (#2 B concourse),2200 Norview Av
53532e719047231f00c643f3,Starbucks @ Farm Fresh #246,179 W. Ocean View Ave.
53532e739047231f00c643f4,Steel Pier Catering Co.,4214 E. Little Creek Rd.
53532e749047231f00c643f5,Stone House Lounge,3320 N. Military Hwy.
53532e889047231f00c643ff,Subway,2001 Colley Ave #C
53532e8c9047231f00c64401,Subway,4820 Hampton Boulevard #B
53532e959047231f00c64404,Subway,4017 E Little Creek Road #B
53532ea29047231f00c6440a,Sun Seafood,2707 Granby St
53532eb29047231f00c64411,Super Grinders,1371 E. Little Creek Rd.
535328f19047231f00c6414a,Bistro Lunch,225 Granby Street
5353295b9047231f00c64181,Captain Chef Homestyle Cooking and Catering (mobile),8124 Shore Dr #D
535329909047231f00c64199,Chesterfield Heights School,2915 Westminster Avenue
535329949047231f00c6419b,Chick-Fil-A,700 Park Ave.
535329949047231f00c6419c,Chick-fil-A of Ghent,1600 Monticello Avenue
5353299c9047231f00c641a0,"Chilley Willey Cafe, LLC",5720 Sellger Drive
535329d99047231f00c641b6,Chuck E Cheese,920 N Military Highway
535329fb9047231f00c641c9,Costco Cafe,850 Glenrock Road
53532a169047231f00c641da,Dee's Hot Dogs 11,611 West 35th St
53532a259047231f00c641df,Denby Park Day School,369 Fort Worth Avenue
53532a329047231f00c641e8,Dominic's of New York,1081 N. Military Hwy.
53532a559047231f00c641f8,East End Academy,2607 Colonial Ave
53532a759047231f00c64205,Elk's Lodge # 38 Snack Bar,1231 Typo Ave.
53532a7f9047231f00c6420a,Espress Oasis Cafe,600 Gresham Drive
53532a809047231f00c6420b,Espress Oasis Restaurant,600 Gresham Dr.
53532a819047231f00c6420c,F M Restaurant,320 Granby Street
53532aa49047231f00c64221,Five Guys Burgers and Fries,201 West 21st. Street #10
53532ab49047231f00c64229,Foreman Field Football Concessions Stands,5000 Bluestone Ave
53532ab59047231f00c6422a,Foreman Field Game Day Building,5000 Bluestone Ave
53532ac29047231f00c6422d,Frankies Place II,1900 Claiborne Ave
53532ad19047231f00c64236,Gershwin's,332 Granby St.
53532ad39047231f00c64237,Ghent Elementary School,200 Shirley Avenue
53532ae39047231f00c6423d,Golden City,1002 Park Ave.
53532b029047231f00c64249,Gourmet Gang,700 Newtown Rd. #3
53532b039047231f00c6424a,Grace St. Grill,217 Grace Street
53532b0e9047231f00c64250,Grand Grounds,601 Children's Lane
53532b269047231f00c6425a,Half Moone Cruise and Celebration Center,111 Waterside Drive
53532b279047231f00c6425b,Hampton Inn,8501 Hampton Blvd
53532b299047231f00c6425c,Hampton Inn and Suites,1511 USAA Drive
53532b2a9047231f00c6425d,Handsome Biscuit,2511 Colonial Ave
53532b349047231f00c64262,Harbour Pointe Medical/Rehab Centre,1005 Hampton Boulevard
53532b3e9047231f00c64266,Hardee's,5859 E. Virginia Beach Blvd
53532b4d9047231f00c6426d,Haven Inn,160 S Military Hwy
53532b4e9047231f00c6426e,Hazelwoods Gift Shop #5122,777 Waterside Drive
53532b5b9047231f00c64275,Hits At The Park,150 Park Avenue
53532b6b9047231f00c6427e,Hot Diggity Dogs,4542 E. Princess Ann
53532b789047231f00c64286,Island Krave,222 W. 21st St. #J
53532b7d9047231f00c64288,James Barry Robinson School,443 Kempsville Road
53532b7f9047231f00c64289,James Monroe School,520 W 29Th Street
53532b829047231f00c6428b,Jaycox Elementary School,1300 Marshall Avenue
53532b979047231f00c64294,Jimmy John's,4120 Monarch Way
53532b989047231f00c64295,Jimmy John's,140 Granby St
53532bbc9047231f00c642a4,Kentucky Fried Chicken,1263 N Military Highway
53532bd69047231f00c642ae,Knights Of Pythias Lodge #106,3467 Azalea Garden Road
53532bdd9047231f00c642b1,La Bella in Ghent,738 W 22nd st
53532be39047231f00c642b3,La Herradura,4220 Monarch Way
53532be49047231f00c642b4,La Quinta Inn and Suites,1387 N Military Highway
53532be99047231f00c642b6,Lafayette Grill,3000 Lafayette Boulevard
53532bef9047231f00c642ba,Lake Wright Snack Bar,6282 Northampton Boulevard
53532bf29047231f00c642bb,Lambert's Point Golf Club,4301 Powhatan Ave
53532bf69047231f00c642be,Larrymore Elementary School,7600 Halprin Drive
53532bf79047231f00c642bf,Larrymore Lawn Pool Concession,1913 Johnstons Rd.
53532bf99047231f00c642c0,Leaping & Learning Child Dev Center,7036 Chesapeake Boulevard
53532bfb9047231f00c642c1,Leigh Hall Retirement Residence,890 Poplar Hall Drive
53532c029047231f00c642c4,Light Years Infant Care Center,725 A East Liberty Street
53532c0a9047231f00c642c7,Linda's Cafe #2,5957 Virginia Beach Blvd. #15
53532c0f9047231f00c642ca,Lita Bit of Dis N Dat,6819 Sewells Point Rd
53532c129047231f00c642cb,Little Caesars,1547 E. Little Creek Rd.
53532c199047231f00c642cd,Little Creek Elementary School,7900 Tarpon Place
53532c1a9047231f00c642ce,Little Creek National Pony Baseball,2165 Helsley Avenue
53532c1d9047231f00c642d0,Logan's Roadhouse,1020 N Military Hwy
53532c1f9047231f00c642d1,Lone Star Steakhouse And Saloon,450 N Military Highway
53532c229047231f00c642d2,Long Bay Seafood,2301 Colley Ave #F
53532c269047231f00c642d4,Love Bugs Learning Academy,5036 E. Princess Anne Road
53532c299047231f00c642d5,Lumpia House,2325 E. Little Creek Rd.
53532c2b9047231f00c642d6,Luna Maya,2010 Colley Ave
53532c2d9047231f00c642d7,Lydia Roper Home,127 E 40th Street
53532c359047231f00c642dc,MacArthur Pharmacy,261 Granby St.
53532c379047231f00c642dd,Machismo Burrito Bar,409 West York St.
53532c3a9047231f00c642de,Machismo Burrito Bar,200 College Place ## 112
53532c3c9047231f00c642df,Madison Career Center,3700 Bowden's Ferry road
53532c3f9047231f00c642e0,Madonna Home,814 W 37Th Street
53532c489047231f00c642e4,Mario's Pizza,2301 Colley Avenue
53532c4a9047231f00c642e5,Marriott Dining Rm/Banquet Kitchens,235 E. Main Street
53532c4c9047231f00c642e7,Mary Calcott school,137 Westmont ave
53532c4f9047231f00c642e9,Maury High School,322 Shirley Avenue
53532c519047231f00c642ea,Maury High School Culinary Kitchen,322 Shirley Avenue
53532c5a9047231f00c642ef,Mc Donald's,211 E Little Creek Road
53532c5f9047231f00c642f1,Mc Donald's,9635 Duffys Lane
53532c779047231f00c642f9,Mc Donald's,400 Saint Pauls Boulevard
53532c7a9047231f00c642fb,Mc Donalds,8300 Hampton Blvd.
53532c7c9047231f00c642fc,McDonald Montessori,4200 Granby Street
53532c7e9047231f00c642fd,Megallon's Gourmet Barbeque,2424B E Little Creek Road
53532c809047231f00c642fe,Mei Wah Restaurant,2501 Granby Street
53532c879047231f00c64300,Mermaid Winery,330 W. 22nd Street #106
53532c899047231f00c64301,Mi Hogar Mexican Restaurant,4201 Granby Street
53532c8a9047231f00c64302,Mike's Pizza,8218 Hampton Boulevard
53532c8c9047231f00c64304,Mitchell's Fishouse and Seafood Market,1905 Shoop Ave.
53532c8e9047231f00c64305,MJ's Tavern,4019 Granby Street
53532c909047231f00c64306,ML Panda Cakes,150 W Government Ave
53532c979047231f00c64308,Moe's Southwest Grill,520 W. 21st St.
53532c9a9047231f00c64309,MoJo Bones,4502 Monarch Way
53532caa9047231f00c6430d,Monarch Sports Grille,4500 Hampton Blvd
53532caf9047231f00c64310,Mrs. Fields,300 Monticello Ave. #198-199
53532cb09047231f00c64311,Mt Pleasant Learning Enrichment Center,934 W Little Creek Road
53532cb99047231f00c64314,Naa's Bakery,3527 Tidewater Drive
53532cba9047231f00c64315,Naro Theatre,1507 Colley Avenue
53532cbc9047231f00c64316,Natural Foods,300 Monticello Avenue #308
53532cbf9047231f00c64318,Nazef Char Grill,806 Harrington Ave
53532ccb9047231f00c6431d,Nisey and Rob's Deli,6819 Sewells Point Rd.
53532cd39047231f00c64320,Noble Roman's Pizza,150 Kingsley Lane
53532cda9047231f00c64325,Norfolk Chop House,2314 Colonial Avenue
53532cde9047231f00c64327,Norfolk Christian School,255 Thole St.
53532cee9047231f00c6432d,Norfolk Health Care Center,901 E. Princess Anne Road
53532cf29047231f00c6432f,Norfolk Masonic Temple,7001 Granby Street
53532cfa9047231f00c64332,Norfolk School Central Processing,974 Bellmore Avenue
53532cfc9047231f00c64333,Norfolk Senior Center Adult Day Services,7300 Newport Avenue #100
53532cfd9047231f00c64334,Norfolk State University Pizza Hut,700 Park Ave.
53532d0a9047231f00c6433c,Northside Middle School,8120 Granby Street
53532d0d9047231f00c6433d,Norview Community Center,6380 Sewells Point Road
53532d0f9047231f00c6433e,Norview Elementary School,6401 Chesapeake Boulevard
53532d119047231f00c6433f,Norview High School,6501 Chesapeake Boulevard
53532d129047231f00c64340,Norview High School Culinary Kitchen,6501 Chesapeake Boulevard
53532d149047231f00c64341,Norview Middle School,6325 Sewells Point Road
53532d169047231f00c64342,No. 1 Chinese Food,1207 North Military Highway #F
53532d199047231f00c64344,Oakmont Community Development,7036 Chesapeake Boulevard
53532d1b9047231f00c64345,Oakwood Chapel Academy,982 Avenue E
53532d1e9047231f00c64346,Oakwood Elementary School,900 Ashbury Street
53532d209047231f00c64347,Ocean Bites,1215 Warrington Ave
53532d229047231f00c64348,Ocean Learning Center,9266 Chelsea Avenue
53532d2c9047231f00c6434d,ODU Baseball Concession Stand,200 43rd Street
53532d319047231f00c64350,ODU Sports Complex/Field Hockey,4251 Powhatan Avenue
53532d379047231f00c64353,Ole Bay Seafood,1766 E Little Creek Rd
53532d3f9047231f00c64356,Omar's Carriage House,313 W Bute Street
53532d449047231f00c64359,Orapax Confectionery,1300 Redgate Avenue
53532d489047231f00c6435b,Osaka Hibachi Express,191 W Ocean View Ave ##17
53532d4a9047231f00c6435c,Outback Steakhouse,333 Waterside Drive
53532d639047231f00c64366,Papa John's,4017 E Little Creek Road
53532d6b9047231f00c6436a,Parkdale Private School,321 Virginian Drive
53532d6f9047231f00c6436c,Pasha Mezze,"350 W. 22nd Street #114, 115"
53532d729047231f00c6436d,Pelon's Baja Grill,738 W 22nd st #15
53532d7b9047231f00c64373,Perfectly Frank,4408 Monarch Way
53532d839047231f00c64376,Pho 79,723 W. 21st St
53532d989047231f00c64380,Plaza Azteca Mexican Restaurant,411 Granby St
53532d9b9047231f00c64381,Plaza Del Sol,2200 Colonial Ave
53532d9e9047231f00c64382,Pollard's Chicken,8370 Tidewater Dr.
53532dad9047231f00c6438a,Press 626,626 West Olney Rd
53532daf9047231f00c6438b,Province Place Of Depaul,6403 Granby Street
53532dbf9047231f00c64392,Rajput Indian Cuisine,742 W. 21st. St.
53532dc09047231f00c64394,Rally's,1208 Monticello Avenue
53532dc59047231f00c64397,Ray and Joan Kroc Corps Community Center,1401 Ballentine Blvd
53532dcb9047231f00c6439a,Regino's Italian Restaurant,3816 E Little Creek Rd
53532dd19047231f00c6439d,Richard's Restaurant & Lounge,7661 Granby Street
53532de39047231f00c643a4,Ruby Tuesday,4213 E. Little Creek Rd.
53532dfc9047231f00c643b2,Sake-Japan,880 N Military Highway
53532dfe9047231f00c643b3,Sake Sushi Inc.,1213 N. Military Highway
53532e009047231f00c643b4,Sakura Elite Sushi Bar,300 Monticello Avenue #K303
53532e049047231f00c643b6,Sakura Sushi Bar,4300 Monarch Way
53532e089047231f00c643b8,Salvation Army,203 W 19th St.
53532e119047231f00c643bd,Sassi Cakes & Sweets,330 W. 22nd. Street #104
53532e149047231f00c643be,Sawasdee Thai Cuisine,5601 E. Virginia Beach Blvd.
53532e179047231f00c643c0,Schlotzsky's,700 N Military Highway
53532e229047231f00c643c4,Scotty Quixx,436 Granby Street
53532e249047231f00c643c6,Sentara Corporate Cafeteria,6015 Poplar Hall Drive
53532e289047231f00c643c8,Sentara Norfolk General Hospital,600 Gresham Drive
53532e2a9047231f00c643c9,Sentara Nursing Center,249 S. Newtown Road
53532e2e9047231f00c643cb,Seven-Eleven,2515 Monticello Avenue
53532e309047231f00c643cd,Sewells Point Elementary School,7928 Hampton Boulevard
53532e319047231f00c643ce,Shakey's,700 Park Ave.
53532e369047231f00c643d0,Sherwood Forest Elementary School,3035 Sherwood Forest Lane
53532e3c9047231f00c643d3,Shula's 347,235 E. Main St.
53532e3e9047231f00c643d4,Sirena Cucina Italiana,455 Granby St.
53532e439047231f00c643d7,Smalls Smokehouse,2700 Hampton Boulevard
53532e459047231f00c643d9,Smiley Kitchen,986 Merrimac Ave
53532e4d9047231f00c643de,Southside Boys and Girls Club Berkley Unit,701 E. Berkley Avenue
53532f5a9047231f00c64464,Union Mission,5100 E. Virginia Beach Blvd.
53532f619047231f00c64468,Urban Bite,400 Gresham Drive
53532f689047231f00c6446a,Veterans Of Foreign Wars,111 A View Avenue
53532f699047231f00c6446b,Victory Rover,1 Waterside Drive
53532f6b9047231f00c6446d,Virginia Opera Association Inc,160 E Virginia Beach Boulevard
53532f6e9047231f00c6446e,Voila',509 Botetourt Street
53532f6e9047231f00c6446f,Volcano Sushi & Hibachi Grill,339 W 21St Street
53532f769047231f00c64472,Wee Care Academy,7934 Glade Street
53532f789047231f00c64474,Wendy's,725 Newtown Road
53532f869047231f00c64479,Wendy's #0360826,208 E Little Creek Road
53532f899047231f00c6447a,Wendy's #0360895,1805 Monticello Avenue
53532f8a9047231f00c6447b,Wesley Memorial United Meth. Church,288 E Little Creek Road
53532f909047231f00c6447e,Whole-ly Rollers,2500 Church Street
53532f929047231f00c6447f,Willard Model At Lakewood,1511 Willow Wood Drive
53532f949047231f00c64480,Willoughby Elementary School,9500 4Th View Street
53532fa09047231f00c64484,Winners Sports Bar and Grill,1524 Johnstons Rd.
53532fa29047231f00c64485,W.L. Daniels Community Center/St Paul's Learning Center,1615 Isaac Street
53532fa49047231f00c64487,Years To Remember,1872 East Little Creek Rd
53532fa69047231f00c64488,Ynot Pizza,1517 Colley Avenue
53532fa89047231f00c64489,Ynot Pizza,4412 Monarch Way
53532faa9047231f00c6448a,Yo-Mix Frozen Yogurt,420 Monticello Ave #110
53532fac9047231f00c6448b,Yorgo's Bageldashery,2123 Colonial Avenue
53532fad9047231f00c6448c,Young Park Elementary School,543 E Olney Road
53532fb49047231f00c6448f,Zero's Sub Shop,8596 Chesapeake Boulevard
53532fb79047231f00c64490,Zero's Subs,4310 Monarch Way
5353286c9047231f00c64109,"
Todd's Refresher",150 W. Main St #100
5353286b9047231f00c64108,"
Boulevard Pizza",201 E Berkely Ave #J
5353286e9047231f00c6410a,'Chick-fil-A,1205 N Military Highway
535328709047231f00c6410b,219 An American Bistro,219 Granby St
535328719047231f00c6410c,3-Way Cafe,216 E. Plume St
535328729047231f00c6410d,40 Acres Food Service,3300 E Princess Anne Road
535328749047231f00c6410e,456 Fish,456 Granby St
535328779047231f00c64110,700 Perk,700 Park Ave
5353287b9047231f00c64112,905 Cafe & Grill,905 East Ocean View Ave
5353287e9047231f00c64113,A J Gator's Sports Bar,244 Granby St
535328809047231f00c64114,A J Gators,9575 Shore Dr
535328829047231f00c64115,A Touch of Grace,515 W. 35th Street
535328849047231f00c64116,ABC Learning Center,3301 Colley Avenue
535328889047231f00c64117,Abingdon's Broadway,5671 Virginia Beach Boulevard
5353288e9047231f00c6411a,aLatte Cafe,321 Granby Street
535328909047231f00c6411b,All About Children,931 Glenrock Road
535328969047231f00c6411c,Alpha Beta Cappa Christian Academy,7425 Chesapeake Boulevard
535328979047231f00c6411d,American Legion Post #327,705 Lesner Ave
535328989047231f00c6411e,American Rover,333 Waterside Dr
5353289a9047231f00c6411f,Amf Norfolk Lanes,2441 E Little Creek Road
5353289e9047231f00c64120,Andy's Pizza House,3574 N Military Highway
535328a09047231f00c64121,Angel's Place DayCare Center,8132 Shore Drive
535328a19047231f00c64122,Applebee's,5750 Virginia Beach Blvd.
535328a39047231f00c64123,Arby's Restaurant,460 N. Military Hwy.
535328a49047231f00c64124,Arby's #240,730 E Little Creek Road
535328a69047231f00c64125,Au Bon Pain,300 Monticello Avenue #301
535328ab9047231f00c64127,Auntie Anne's,300 Monticello Ave #131
535328ac9047231f00c64128,Auntie Anne's Pretzels,880 N Military Hwy
535328af9047231f00c64129,Autumn Care Of Norfolk,1401 Halstead Avenue
535328b19047231f00c6412a,Azalea Inn,2344 E Little Creek Road
535328b39047231f00c6412c,Azalea Little League,1130 Pineridge Rd.
535328b59047231f00c6412d,Azalea Middle School,7721 Azalea Garden Road
535328b79047231f00c6412e,"Azar's Natural Foods, Inc.",2000 Colley Avenue
535328b99047231f00c6412f,A. W. Shucks,2200 Colonial Ave #14
535328bb9047231f00c64130,B & T Souper Dogs,111 A View Avenue
535328bd9047231f00c64131,Back Street Deli,3380 E Princess Anne Road
535328c19047231f00c64132,Baker's Crust Bread Market,330 W 21St Street
535328c39047231f00c64133,Baker Hall - Catering Kitchen,6700 Azalea Garden Road
535328c99047231f00c64136,Ballentine Manor,2333 Ballentine Boulevard
535328ca9047231f00c64137,Bangkok Garden,417 W. 21st Street
535328cc9047231f00c64138,Barbara's Child Care Center,8055 Carlton Street
535328ce9047231f00c64139,Bardo Edibles & Elixers,430 W 21st Street
535328d09047231f00c6413a,Baxter's,500 Granby St.
535328d29047231f00c6413b,Bay Seafood,1304 E Princess Anne Rd
535328d89047231f00c6413d,Beach Pub,1010 E Ocean View Avenue
535328d99047231f00c6413e,Bean There Cafe,223 E. City Hall Ave ## 101
535328dc9047231f00c6413f,Bel Aire Pancake House,1613 E Little Creek Road
535328df9047231f00c64140,Belmont House of Smoke,2117 Colonial Avenue
535328e19047231f00c64141,Bent Fork Express,4117 Granby Street #A
535328e39047231f00c64142,Berkley Campostella ECC,1530 Cypress Street
535328e49047231f00c64143,Berkley Community Center,121 W Liberty St
535328e69047231f00c64144,Berkley Lodge #12,909 Campostella Road
535328e99047231f00c64145,Best Western Holiday Sands,1330 East Ocean View
535328ec9047231f00c64146,Betty's Den,712 West 35th Street
535328ed9047231f00c64147,Big Easy Grill & Oyster Bar,111 Tazewell Street
535328f19047231f00c64149,Billy's Pizza,130 Maple Avenue
535328f49047231f00c6414c,BJ's Express Cafe,5820 E. Virginia Beach Blvd.
535328f69047231f00c6414d,BJ's Wholesale Club #180,5820 E. Virginia Beach Blvd.
535328f99047231f00c6414e,Black Tuna Grill,700 Monticello Avenue
535328fb9047231f00c6414f,Blackhawk Bistro,6160 Commander Parkway #123
535328fc9047231f00c64150,Blair Middle School,730 Spotswood Avenue
535328fe9047231f00c64151,Blessing Services,2512 Colonial Ave.
535329009047231f00c64152,Blue Ocean Seafood,1000 Park Avenue #A
535329039047231f00c64153,Bobbie B's Deli,433 Granby St
535329049047231f00c64154,Bodega On Granby,442 Granby Street
535329079047231f00c64155,Bojangle's,7519 Tidewater Dr
535329099047231f00c64156,Booker T. Washington High School,1111 Park Avenue
5353290e9047231f00c64157,Boon Thai Erawan,742 W 21st Street #F & G
5353290f9047231f00c64158,Borjo Coffeehouse,4416 Monarch Way
535329119047231f00c64159,Boston Market,472 N Military Highway
535329149047231f00c6415b,Brickhouse Diner,580 East Main St
535329169047231f00c6415c,Bubba n Franks Smokehouse BBQ,1136 N. Military Highway
535329189047231f00c6415d,Buffalo Wild Wings,420 Monticello Avenue
535329199047231f00c6415e,Bugatti's,111 College Place
5353291b9047231f00c6415f,Building Blocks Preschool/Ryan Academy,844 Jerome Avenue
5353291c9047231f00c64160,Burger King,740 E Little Creek rd
5353291f9047231f00c64161,Burger King,197 W. Ocean View Avenue
535329249047231f00c64164,Burger King,1000 Tidewater Drive
535329269047231f00c64165,Burger King,300 Monticello Avenue #308A
5353292b9047231f00c64167,Burger Works,840 E Church Street
5353292c9047231f00c64168,Byrd & Baldwin Bros. Steakhouse,116 Brooke Avenue
5353292d9047231f00c64169,Cafe 1201,1201 Hampton Blvd.
5353292f9047231f00c6416a,Cafe 143,143 Colley Avenue
535329309047231f00c6416b,Cafe Crema,999 Waterside Dr #109
535329329047231f00c6416c,Cafe James,6325 N. Center Drive #108
535329349047231f00c6416d,Cafe Nordstrom,301 Cumberland Street
535329369047231f00c6416e,Cafe Stella,1907 Colonial Avenue
535329399047231f00c6416f,Cagney's,1108 E. Little Creek Road
5353293b9047231f00c64170,Cal'z Pizza,738 E Bayview Boulevard
5353293e9047231f00c64171,Cal'z Pizza,3678 Sewells Point Road
535329409047231f00c64172,Cal'z Pizza,8245 Hampton Boulevard ##E
535329459047231f00c64174,California Pizza Kitchen,300 Monticello Avenue
535329479047231f00c64175,Calvary Christian Elementary School,2331 E Little Creek Road
535329489047231f00c64176,Calvert Square Kid's Cafe,975 Bagnall Rd
5353294d9047231f00c64177,Calvin Presbyterian Ch & Preschool,2901 E Little Creek Road
5353294f9047231f00c64178,Camp Allen Elementary School,"501 ""C"" Street"
5353294f9047231f00c64179,Camp Apasus (Campground),8400 Granby Street
535329519047231f00c6417a,Campostella Elementary School,2600 E. Princess Anne Rd
535329529047231f00c6417b,Campostella Recreation Center,1130 Leake St
535329569047231f00c6417d,Cancun,4820 Hampton Boulevard #A
535329579047231f00c6417e,Candlewood Suites Norfolk Airport,5600 Lowery Road
535329599047231f00c6417f,Captain's Galley,8166 Shore Drive #Suite C
5353295a9047231f00c64180,Captain Chef Homestyle Cooking and Catering,8124 Shore Dr #D
5353295d9047231f00c64182,Captain D's,116 E 21St Street
535329689047231f00c64186,Carlos Homecooking,2912 Church St
5353296a9047231f00c64187,Carmen's Cafe,9610 First View Street
5353296c9047231f00c64188,Carolina Cupcakery,2019 Colley Avenue
5353296f9047231f00c64189,Carolino Seafood Market,6586 Tidewater Drive #A
535329729047231f00c6418a,Catania Pizza,319 Granby St.
535329749047231f00c6418b,Cathy's Kusina,3574 N Military Hgh #D
535329769047231f00c6418c,Chanello's Pizza,901 W 21st Street
535329789047231f00c6418d,Chanello's Pizza,8245 Hampton Blvd #A
5353297d9047231f00c6418f,Chanello's Pizza International,6213 Chesapeake Blvd
5353297e9047231f00c64190,Changes Espresso Coffee Bar,710 W 21st Street
535329809047231f00c64191,Charley's Grilled Subs,300 Monticello Avenue ## 304
535329819047231f00c64192,Charlie's American Cafe,4024 Granby Street
535329839047231f00c64193,Charlie's Cafe,1800 Granby Street
535329849047231f00c64194,Chartreuse Bistro,205 E.City Hall Ave
535329859047231f00c64195,CheeseSteak 12,880 N. Military Highway
535329899047231f00c64196,Chen's Garden,7525 Tidewater Drive #14
5353298c9047231f00c64197,Chen's Garden,840 Church St #D
5353298f9047231f00c64198,Chen's Kitchen,3538 Tidewater Dr.
535329929047231f00c6419a,Chick-fil-A,1200 Webb Center
535329969047231f00c6419d,Chickpea Cafe,312 W Bute Street
535329989047231f00c6419e,Children's Harbor Ghent,1900 Llewellyn Avenue
5353299b9047231f00c6419f,Chili's Grill & Bar,300 Monticello Avenue
5353299e9047231f00c641a1,China Express,1101 W Little Creek Road
535329a59047231f00c641a3,China Hut,738 Bayview Blvd ##2
535329ab9047231f00c641a5,China Inn,3500 Colley Ave
535329af9047231f00c641a6,China King,7930 Chespeake Blvd #D
535329b39047231f00c641a7,China Moon,1500 Brambleton Ave #E
535329b59047231f00c641a8,China Ocean,738 W 22nd st #14
535329ba9047231f00c641a9,China One,1595 International Boulevard ##103
535329bd9047231f00c641aa,China Town,720-4 Church St.
535329c29047231f00c641ab,China Town,201 E. Berkley Avenue #D
535329c69047231f00c641ad,China Wok,5900 E. Virginia Beach Blvd ##13
535329c99047231f00c641af,Chipotle Mexican Grill,1501 Colley Ave
535329cb9047231f00c641b0,CHKD Cafeteria,601 Childrens Lane
535329cd9047231f00c641b1,CHKD Tray Kitchen,601 Childrens Lane
535329cf9047231f00c641b2,Chocollage,201 College Place
535329d39047231f00c641b4,Christ The King School Daycare,3401 Tidewater Drive
535329d49047231f00c641b5,Chrysler Hall,201 E. Brambleton Avenue
535329da9047231f00c641b7,Church's Fried Chicken,2308 E Princess Anne Road
535329da9047231f00c641b8,Church's Fried Chicken,7600 Hampton Boulevard
535329dc9047231f00c641b9,CiCi's Pizza,5900 E. Virginia Beach Blvd. #250
535329de9047231f00c641ba,Cinemark Theater,880 N Military Highway
535329e19047231f00c641bb,Citgo Deli,985 Ingelside Road
535329e29047231f00c641bc,City Dock,777 Waterside Drive
535329e39047231f00c641bd,City Jail Kitchen,811 E City Hall Avenue
535329e49047231f00c641be,Clancy's Restaurant,1220 E Little Creek Road
535329e69047231f00c641bf,Club 60' Incorporated,9601 First View Street
535329ea9047231f00c641c0,Cogan's,1901 Colonial Avenue
535329ed9047231f00c641c2,Coleman Place School,2445 Palmyria Street
535329ef9047231f00c641c3,Colonial Day School,6510 N Military Highway
535329f19047231f00c641c4,Columbus Club 0f Norfolk,5201 Kennebeck Avenue
535329f29047231f00c641c5,Commercial Cafe/Outtakes,2 Commercial Place
535329f59047231f00c641c6,Commonwealth Memory Care at Norfolk,1516 Harmon Street
535329fa9047231f00c641c8,CookOut,1105 N Military Highway
535329fc9047231f00c641ca,Court Of Mandarin,8200 Hampton Boulevard
535329fe9047231f00c641cb,Cove Lounge,3858 E Little Creek Road
53532a009047231f00c641cc,Crackers Little Bar Bistro,4226 Granby St
53532a029047231f00c641ce,Crossroads School,8021 Old Ocean View Rd
53532a039047231f00c641cf,Cruzers,601 Orapax Street
53532a069047231f00c641d0,Culinary Institute of Virginia,2428 Almeda Avenue
53532a089047231f00c641d1,Cure Coffeehouse and Brasserie,503 Botetourt St
53532a0d9047231f00c641d4,D'Egg West,1170 Lexan Ave
53532a109047231f00c641d5,Dairy Queen,9636 Granby Street
53532a139047231f00c641d7,Dammy's Hot Food,7483 Tidewater Dr
53532a149047231f00c641d8,Danny's Drive In,1007 Kempsville Road
53532a159047231f00c641d9,Dee's Hot Dogs 1,1411 E. Virginia Beach Blvd
53532a1b9047231f00c641db,Degollado,3814 Little Creek Rd. E.
53532a1d9047231f00c641dc,Del Vecchios,1080 W. 47th Street
53532a219047231f00c641dd,Delicate China,6201 Sewells Point Road
53532a239047231f00c641de,Democratic and Social Club,9615 Granby Street
53532a279047231f00c641e1,Dippin Dots,3500 Granby Street
53532a2b9047231f00c641e3,Dockside Restaurant & Pub,7856 Hampton Boulevard
53532a2d9047231f00c641e4,Dodge Store,8110 Hampton Boulevard
53532a2f9047231f00c641e5,Dog N' Burger,2001 Manteo Street
53532a309047231f00c641e6,Dollar Green,880 N. Military Highway
53532a339047231f00c641e9,Domino's Pizza,7701 Hampton Boulevard
53532a359047231f00c641ea,Domino's Pizza,2807 E Virginia Beach Blvd
53532a389047231f00c641ec,Domino's Pizza #4202,195 W Ocean View Avenue
53532a449047231f00c641f0,Doug's Hot Dogs,9643 Granby Street
53532a479047231f00c641f1,Doumar's Barbecue,1919 Monticello Avenue
53532a4a9047231f00c641f2,Dragon City,2301 Colley Ave. #D
53532a4d9047231f00c641f3,Dunkin Donuts,2300 E Little Creek Road
53532a4e9047231f00c641f4,Dunkin Donuts,841 N. Military Hwy
53532a509047231f00c641f5,Dunkin Donuts,3901 Hampton Blvd
53532a529047231f00c641f6,East Beach Catering,1512 E. Bayview Blvd.
53532a549047231f00c641f7,East Beach Sandwich Company,4500 Pretty Lake Avenue #106
53532a5a9047231f00c641f9,Easton Pre-School,6045 Curlew Drive
53532a5b9047231f00c641fa,Econo Lodge,865 North Military Hwy
53532a5d9047231f00c641fb,Edible Arrangements,5802 E. Virginia Beach Blvd. #143
53532a5e9047231f00c641fc,Edible Arrangements,215 Granby Street
53532a609047231f00c641fd,Edible Arrangements,520 West 21st
53532a619047231f00c641fe,Edwards Walking The Dog,930 Briarhill Road #B
53532a659047231f00c641ff,El Azteca Mexican Restaurant,1522 E Little Creek Road
53532a6b9047231f00c64201,El Gavilan Restaurante,7920 Chesapeake Blvd #A
53532a6f9047231f00c64202,El Rey Taqueria,738 E Bayview Blvd
53532a739047231f00c64203,El Rey #2,849 E. Little Creek Rd.
53532a759047231f00c64204,El Rodeo,5834 Virginia Beach Boulevard
53532a779047231f00c64206,Elliot's Fair Grounds News & Coffee,806 Baldwin Avenue ##2
53532a799047231f00c64207,Empire,257 Granby Street
53532a7b9047231f00c64208,Envoy of Thornton Hall,827 Norview Avenue
53532a7d9047231f00c64209,Epworth Methodist Church and Day School,124 West Freemason Street
53532a829047231f00c6420d,F O P Commodore Lodge #3,1111 Harmony Road
53532a839047231f00c6420e,Fahrenheit,437 Granby Street
53532a859047231f00c6420f,Fairlawn Elementary School,1132 Wade Street
53532a879047231f00c64210,Faith Academy School of Excellence/Deliverance Christian Center,1010 E 26Th Street
53532a899047231f00c64211,Famous Uncle Al's,155 Granby Street
53532a8c9047231f00c64212,Famous Uncle Al's Hot Dogs and Grille.,1269 N Military Hwy
53532a8e9047231f00c64213,Far East Restaurant,1236 E Princess Anne Road
53532a909047231f00c64214,Farm Fresh #467 Deli/Bakery,1200 N Military Highway
53532a919047231f00c64215,Fast Track Learning Center,6644 E. Virginia Beach Blvd.
53532a949047231f00c64216,Fat Philly's Food & Grill,2700 Azalea Garden Road
53532a969047231f00c64217,Feather N' Fin,3109 E Princess Anne Road
53532a999047231f00c64218,Feather N' Fin,3601 Tidewater Drive
53532a9a9047231f00c6421a,Field Guide,429 Granby Street
53532a9b9047231f00c6421b,Fifty Eighteen,5018 E. Princess Anne Road
53532a9e9047231f00c6421d,First Baptist Church of Lambert's Point,1268 W. 38th St.
53532aa09047231f00c6421e,First Baptist Church/Murray Center/Taste and See,455 East Brambleton
53532aa19047231f00c6421f,First Presbyterian Church,820 Colonial Avenue
53532aa29047231f00c64220,Fisherman's Net Learning Center,3166 Azalea Garden Road
53532aa69047231f00c64222,Five Points Community Farm Market,2500 Church St
53532aaa9047231f00c64224,"Five Star Foods, Inc",1745 Wilson Rd
53532aaf9047231f00c64226,Flaming Wok,880 N. Military Hwy
53532ab09047231f00c64227,Flamingo Joe's,150 Park Avenue
53532ab39047231f00c64228,Food Court At Webb Center,1200 Webb Center
53532aba9047231f00c6422b,Franco's by the Bay,169 West Ocean View Av
53532abc9047231f00c6422c,Franco's Italian Restaurant,6200 N Military Highway ##A
53532ac39047231f00c6422e,Freemason Abbey Restaurant,209 W Freemason Street
53532ac59047231f00c6422f,Freemason Inn Bed and Breakfast,411 W. York Street
53532ac79047231f00c64230,Freemason Street Baptist Church,400 Freemason Street
53532ac99047231f00c64231,French Bakery,4108 Granby Street
53532acb9047231f00c64232,Fu Jian,1105 E. Newtown Rd.
53532acd9047231f00c64233,Garden Cafe,6700 Azalea Garden RD.
53532acf9047231f00c64234,Genghis Khan Mongolian BBQ,862 N Military Highway
53532ad19047231f00c64235,"German Pantry, The",5329 E. Virginia Beach Blvd.
53532ad49047231f00c64238,Ghent Montessori School,610 Mowbray Arch
53532adb9047231f00c6423a,Golden China,9645 First View
53532ae29047231f00c6423c,Golden City,130 Maple Ave ##B
53532ae79047231f00c6423f,Golden City III,3615 Tidewater Drive
53532aea9047231f00c64240,Golden City IV,2601 Monticello Avenue
53532aec9047231f00c64241,Golden City Restaurant,2700 Azalea Garden Rd. #D
53532aef9047231f00c64242,Golden Corral,6103 N Military Highway
53532af49047231f00c64243,Golden Dragon,8245 Hampton Boulevard ##C
53532af69047231f00c64244,Golden Family Pizzeria,5401 Tidewater Drive
53532af89047231f00c64245,Golden Fortune Restaurant,226 W Olney Road
53532afb9047231f00c64246,Golden Gate Oriental Restaurant,2707 Granby Street
53532afe9047231f00c64247,Golden Wok,507 North Military Highway
53532b009047231f00c64248,Gourmet Gang,440 E. Main St
53532b099047231f00c6424d,Granby High School,7101 Granby Street
53532b0a9047231f00c6424e,Granby Shell Corp.,4225 Granby Street
53532b109047231f00c64251,Granny's Country Cooking,636 W. 35th St
53532b1b9047231f00c64255,Greenhill Farms Christian Academy,969 Philpotts Road
53532b219047231f00c64257,Gregenherc's,5720 Hoggard Road #F
53532b259047231f00c64259,Guads @ Granby,7515 Granby St
53532b2c9047231f00c6425e,Happy Daycare Early Learning Center,7441 Tidewater Drive
53532b2e9047231f00c6425f,Harbor's Edge,1 Colley Avenue
53532b319047231f00c64260,Harbor Inn Restaurant,1009 Sunset Drive
53532b329047231f00c64261,Harbor Park Concession/Vendor's Rm,150 Park Avenue
53532b399047231f00c64264,Hardee's,505 W 21St Street
53532b3c9047231f00c64265,Hardee's,377 Campostella Road
53532b409047231f00c64267,Hardee's,7480 Tidewater Drive
53532b439047231f00c64268,Hardee's #2945,3908 E Princess Anne Road
53532b449047231f00c64269,Hardee's #2956,8405 Hampton Boulevard
53532b499047231f00c6426b,Harry's Lounge,9300 Chesapeake Street
53532b4b9047231f00c6426c,Havana,255 Granby Street
53532b4f9047231f00c6426f,Health Food Center Cafe,1701 Colley Ave
53532b519047231f00c64270,Hell's Kitchen,124 Granby St
53532b549047231f00c64272,Hershee Bar,6117 Sewells Pt Rd
53532b579047231f00c64273,Hibachi Grill & Supreme Buffet,5957 E. Virginia Beach Blvd #15
53532b599047231f00c64274,Higher Heights Carribean Restaurant,7653 Granby Street
53532b5f9047231f00c64277,Holiday Inn Express Norfolk Airport,1157 N. Military Highway
53532b649047231f00c6427a,Honey Globe,415 North Military Hwy
53532b669047231f00c6427b,Hooter's,1160 N Military Highway
53532b689047231f00c6427c,Hooter's of Waterside,333 Waterside Drive
53532b6c9047231f00c6427f,Hotdog Cafe,5802 E. Virginia Beach Boulevard #126
53532b6e9047231f00c64280,Hunton YMCA Day Care,1139 E Charlotte Street
53532b6f9047231f00c64281,Icee Icee Baby,6586 Tidewater dr
53532b719047231f00c64282,Infinitee Day School,722 Miller St
53532b739047231f00c64283,Ingleside Elementary School,976 Ingleside Road
53532b759047231f00c64284,International House Of Pancakes,114 E 21St Street
53532b779047231f00c64285,International House Of Pancakes (IHOP #598),1295 North Military Highway
53532b849047231f00c6428c,JC Sushi & Chinese Restaurant,4545 Robin Hood Road
53532b879047231f00c6428e,Jerry's Cafe and Lounge,878 E. Little Creek Rd
53532b8b9047231f00c6428f,Jersey Mike's Subs,1211 N. Military Highway
53532b8d9047231f00c64290,Jersey Mike's Subs,520 21st #D
53532b8f9047231f00c64291,Jesse's Place,3351 Chesapeake Blvd
53532b959047231f00c64293,Jimmy's Harborside,3501 E Ocean View Ave
53532b9a9047231f00c64296,Jimmy Johns,222 W 21st St
53532b9c9047231f00c64297,Joe's Crab Shack,333 Waterside Drive
53532b9f9047231f00c64298,Johnny's Diner,7479 Tidewater Dr.
53532ba39047231f00c64299,Johnny's Diner,925 East Little Creek Road
53532ba59047231f00c6429a,Johnny Rockets,300 Monticello Avenue
53532ba99047231f00c6429b,Jordan's Southern Cuisine,3300 E Princess Anne Road
53532bab9047231f00c6429d,Just Cupcakes,616 Hilltop West
53532bac9047231f00c6429e,K - Tides,500 E. Main Street #102
53532bb49047231f00c642a0,Katana,520 W 21st Street #E
53532bb79047231f00c642a2,Kelly's Kare Quality Education Center,5329 E. Virginia Beach Blvd.
53532bba9047231f00c642a3,Kelly's Tavern,1408 Colley Avenue
53532bbe9047231f00c642a5,Kentucky Fried Chicken,1716 Monticello Avenue
53532bc29047231f00c642a6,KFC,216 East Little Creek Road
53532bc59047231f00c642a7,KFC/Taco Bell,199 W Ocean View Avenue
53532bc89047231f00c642a8,KFC/Taco Bell Express,3690 Sewells Point Road
53532bc99047231f00c642a9,Kimmies Kitchen,719 W. 36th St
53532bcc9047231f00c642aa,Kin's Wok,222 W 21St Street ##H
53532bd09047231f00c642ab,Kin's Wok 2,7645 Granby Street
53532bd29047231f00c642ac,"King's 168 Seafood, BBQ, Chicken and More",4027 Bowden's Ferry Road
53532bd49047231f00c642ad,King's Seafood,714 East Little Creek Road
53532bd99047231f00c642af,Kotobuki,721 W 21St Street
53532bda9047231f00c642b0,Krusty Crab,956 E Little Creek Road
53532be09047231f00c642b2,La Esquinta Latina,5800 Chesapeake Blvd.
53532bec9047231f00c642b8,Lake Taylor High School,1384 Kempsville Road
53532bed9047231f00c642b9,Lake Taylor Middle School,1380 Kempsville Road
53532bf39047231f00c642bc,Lamberts Point Community Center,1251 West 42nd Street
53532c019047231f00c642c3,Lido Inn,839 E Little Creek Road
53532c069047231f00c642c5,Lin's Garden,3925 Hampton Boulevard
53532c0e9047231f00c642c9,Lindy's Famous Hot Dogs,6586 Tidewater Drive
53532c179047231f00c642cc,Little Creek Diner,7941 Halprin Dr
53532c249047231f00c642d3,Long John Silvers Seafood,1366 E Little Creek Road
53532c329047231f00c642da,"M & L Mini Mart, Inc.",1610 O Keefe Street
53532c349047231f00c642db,MacArthur on Ice,300 Monticello Ave
53532c439047231f00c642e2,Manila Bread House,2372 E. Little Creek
53532c459047231f00c642e3,Manny's Burger,2912 Lafayette Boulevard
53532c629047231f00c642f2,Mc Donald's,1632 E Little Creek Road
53532c659047231f00c642f3,Mc Donald's,3679 Sewells Point Road
53532c689047231f00c642f4,Mc Donald's,4125 Granby Street
53532c6b9047231f00c642f5,Mc Donald's,8402 Tidewater Drive
53532c6e9047231f00c642f6,Mc Donald's,2328 E Princess Anne Road
53532c719047231f00c642f7,Mc Donald's,4108 Hampton Boulevard
53532c789047231f00c642fa,Mc Donald's VB,5761 E. Virginia Beach Boulevard
53532ca19047231f00c6430a,Mojo Bones,9659 First View Street
53532ca59047231f00c6430b,Mom and Pop's,331 E. Bayview Blvd
53532cad9047231f00c6430f,MRF Food Service LLC,300 W 20Th Street
53532cb49047231f00c64312,Murphy's Law,3574 Military Hwy
53532cbd9047231f00c64317,Nawab,888 N. Military Hwy
53532cc49047231f00c64319,New China Kitchen,6138 Chesapeake Boulevard ## A
53532cc99047231f00c6431c,Night of the Iguana,1083 W. 37th St
53532ccf9047231f00c6431e,No 1 Chinese Restaurant,2368 East Little Creek Road
53532ce79047231f00c6432a,Norfolk Courtyard Cafe' by Marriott,520 Plume St
53532ce89047231f00c6432b,Norfolk Festevents Backstage Catering Kitchen,Town Point Park Waterside Dr
53532cec9047231f00c6432c,Norfolk Garden,525 N Military Hwy
53532cf89047231f00c64331,Norfolk Professional Fire Fighters,5691 East Virginia Beach Boulevard
53532d279047231f00c6434a,Ocean View Fishing Pier,414 West Ocean View Ave
53532d3b9047231f00c64354,Ole Bay Seafood 1,1914 Lafayette Blvd.
53532d539047231f00c6435f,Pancake House,7631 Granby Street
53532d899047231f00c64379,Pizza Chef,1007 E Bayview Boulevard
53532d8c9047231f00c6437a,Pizza Hut # 4539,9643 First View Street
53532d909047231f00c6437b,Pizza Hut #4532,4548 E. Princess Anne Rd.
53532d959047231f00c6437e,Pizza Hut #4538,8401 Hampton Blvd #10
53532da09047231f00c64383,Pollard's Chicken,3033 Ballentine Boulevard
53532db39047231f00c6438c,Public House,749 W Princess Anne Road
53532dc39047231f00c64395,Rama Garden,441 Granby Street
53532dc89047231f00c64398,Razzo,3248 E Ocean View Ave
53532de09047231f00c643a3,Royal Garden,155 W Ocean View Avenue
53532de49047231f00c643a5,Ruby Tuesday,6360 Newtown Road
53532df59047231f00c643ae,Sai Gai Restaurant,7521 Granby Street
53532e399047231f00c643d1,Shoney's #20,2437 E Little Creek Road
53532e579047231f00c643e2,Spiro's Restaurant,2314 Ingleside Road
53532e5c9047231f00c643e6,St Helena Elementary School,903 S Main Street
53532e5e9047231f00c643e7,St Mary's Home for Disabled Children,6171 Kempsville Circle
53532e609047231f00c643e8,St Paul's Church,201 St Pauls Boulevard
53532e639047231f00c643ea,Starbucks,520 W. 21st St.
53532eac9047231f00c6440f,Super China,9553 Shore Dr.
53532eaf9047231f00c64410,Super China,1710 E Little Creek Road #102
53532eb99047231f00c64415,T'san Japanese Cuisine,4640 East Princess Anne Road
53532ebc9047231f00c64416,T-N-T Sports Tavern,7930 Chesapeake Blvd #A
53532ec09047231f00c64418,Tabernacle Christian Academy & Revelator Child Care Center,3611 Colley Avenue
53532ec29047231f00c64419,Taco Bell,2011 Monticello Avenue
53532ec59047231f00c6441a,Taco Bell,227 E Little Creek Road
53532ec99047231f00c6441b,Taco Bell,4009 Hampton Blvd
53532ecb9047231f00c6441c,Taco Bell,8411 Hampton Boulevard
53532ecd9047231f00c6441d,Taco Bell,1113 N. Military Hwy.
53532ed09047231f00c6441e,Taco Bell #27640,2469 E. Little Creek Rd
53532ed19047231f00c6441f,Talmudical Academy,612 Colonial Avenue
53532ed79047231f00c64420,Tanners Creek Elementary,1335 Longdale Drive
53532eda9047231f00c64421,Taphouse Grill In Ghent,931 W 21St Street
53532edb9047231f00c64422,Target Corporation Food Avenue and Grocery,1245 N. Military Hgh
53532edc9047231f00c64423,Tarrallton Athletic Association,2100 Tarrallton Drive
53532edf9047231f00c64426,Tarrallton Recreation Center,2100 Tarrallton Drive
53532ee49047231f00c64427,Taste Unlimited,6464 Hampton Blvd
53532ee59047231f00c64428,Taubman Macarthur Associates,300 Monticello Avenue
53532ee89047231f00c64429,TCC - Thomas Moss Campus,350 Granby Street
53532eea9047231f00c6442a,TCC Bookstore Cafe,300 Monticello Ave
53532eec9047231f00c6442b,Ted Constant Convocation Center,4320 Hampton Blvd
53532ef39047231f00c6442e,Thai Best Restaurant,8401 Hampton Boulevard #11
53532ef49047231f00c6442f,The Alley,700 Park Ave
53532ef59047231f00c64430,The Beastro,3500 Granby Street
53532ef79047231f00c64431,The Birch Bar,1231 Olney Road
53532efd9047231f00c64434,The Club House,1527 Azalea Garden Road
53532f009047231f00c64435,The Crispus Attuck's Cultural Center,1010 Church Street
53532f039047231f00c64437,The Dirty Buffalo,4110 Colley Ave.
53532f059047231f00c64438,The Edge,4814 Hampton Boulevard
53532f069047231f00c64439,The Garage,731 Granby St
53532f089047231f00c6443a,The Gourmet Gang,6000 Robin Hood Rd.
53532f0b9047231f00c6443b,The Granby Theater/Dine,421 Granby St
53532f109047231f00c6443d,The Kempsville Center for Behavioral Health,860 Kempsville Rd
53532f129047231f00c6443e,The King's Kidz Daycare,3101 Lens Avenue
53532f149047231f00c6443f,The Lagoon,9500 30th Bay St
53532f159047231f00c64440,The Lizard Cafe,109 E. Main Street
53532f1a9047231f00c64441,The Max- Red Dog Saloon,1421 Colley Avenue
53532f1c9047231f00c64442,The Norfolk Grille,142 W. York Street #101A
53532f229047231f00c64445,The Palace Inc.,200 E. Plume St
53532f229047231f00c64446,The Skinny Dip Frozen Yogurt Bar,1619 Colley Ave
53532f249047231f00c64447,The Talbot on Granby,6311 Granby St.
53532f269047231f00c64448,The Vineyards,147 Granby St
53532f279047231f00c64449,The Wave,4107 Colley Avenue
53532f289047231f00c6444a,The Way Of The Cross Church,2800 Chesapeake Blvd
53532f2a9047231f00c6444b,The Williams School,419 Colonial Avenue
53532f2b9047231f00c6444c,Therapeutic Recreation Center,180 East Evans St.
53532f319047231f00c6444e,Tidewater Park Elementary School,1045 E Brambleton Avenue
53532f329047231f00c6444f,Tiger Unlimited,3416 N. Military Hwy #A18
53532f339047231f00c64450,Tini's Tea,4820 Hampton Boulevard #3
53532f369047231f00c64452,Todd Jurich's Bistro,150 W. Main Street #100
53532f389047231f00c64453,Tokyo Express,7647 Granby St
53532f3a9047231f00c64454,Tony's Diner,3200 Tidewater Drive
53532f3d9047231f00c64456,Town and Country Day School,1421 Kempsville Road
53532f3f9047231f00c64457,Town Point Club,101 W Main Street #300
53532f409047231f00c64458,Tracey Holmes Catering,4408 Colley Avenue #B
53532f429047231f00c64459,Trinity Lutheran Church/School,6001 Granby Street
53532f449047231f00c6445a,Tropical Smoothie Cafe,742 W 21st St
53532f469047231f00c6445b,Tropical Smoothie Cafe,3841-A East Little Creek Road
53532f499047231f00c6445c,Tropical Smoothie Cafe,1153 N Military Hwy #C
53532f4b9047231f00c6445d,Tropical Smoothie Cafe,7862 Tidewater Dr #111
53532f4d9047231f00c6445e,Tropical Smoothie Cafe',4316 Monarch Way
53532f4f9047231f00c6445f,Tropical Smoothie Cafe & Deli,265 Granby Street
53532f579047231f00c64462,Twin Seafood,720 Church St. #2c
53532f5f9047231f00c64467,Uptown Buffet,1050 N. Military Hwy.
53532f639047231f00c64469,V F W Post #4809,5728 Bartee Street
53532f779047231f00c64473,Wells Theatre,108 Tazewell Street
53532f829047231f00c64478,Wendy's International,8275 Hampton Blvd.
53532f8f9047231f00c6447d,Whitehurst Hall/Legends,1715 W 48Th Street
53532f9c9047231f00c64483,Wings-n-Things,1140 N. Military Hwy.
535328789047231f00c64111,80/20 Burger Bar,123 W 21st St
535329139047231f00c6415a,Bountiful Blessings Day Care,412 Bank Street
5361869005c6a22dc7b75a6d,Adventures In Learning,4020 Llewellyn Avenue
5361869205c6a22dc7b75a6e,Aunt Dorian's Country Kitchen,880 N. Military Highway
5361869405c6a22dc7b75a6f,BAL Express,"5215 Hampton Blvd, BAL"
5361869605c6a22dc7b75a70,Burger King,1106 N. Military Highway
5361869805c6a22dc7b75a71,Cardinal Canteen Food Service (Virginia Pilot),150 W. Brambleton Avenue
5361869b05c6a22dc7b75a72,Chanello's Pizza,3201 E Ocean View Avenue
5361869f05c6a22dc7b75a73,China House,6200 N. Military Hwy. #C
536186a205c6a22dc7b75a74,China Inn,3841 E. Little Creek Rd. #F
536186a505c6a22dc7b75a75,China Way,3201 East Oean View Ave ##106
536186a805c6a22dc7b75a76,China Wok,4616 E Princess Anne Rd
536186aa05c6a22dc7b75a77,Chow Restaurant and Bar,5103 Colley Avenue
536186ad05c6a22dc7b75a78,Cutty Sark Marina,4707 Pretty Lake Avenue
536186af05c6a22dc7b75a79,Daiwa Sushi,8401 Hampton Boulevard #4
536186b005c6a22dc7b75a7a,DePaul Hospital Kitchen,150 Kingsley Lane
536186b405c6a22dc7b75a7b,"El Deportista, Inc",1819 E. Little Creek Rd
536186b605c6a22dc7b75a7c,Fellini's,3910 Colley Avenue
536186b705c6a22dc7b75a7d,Five Points Family Diner,6144 Chesapeake Blvd.
536186ba05c6a22dc7b75a7e,Flamers,880 North Military
536186bd05c6a22dc7b75a7f,Golden China,1865 E Little Creek Rd
536186c105c6a22dc7b75a81,Golden City 2,7734 Hampton Blvd #E
536186c305c6a22dc7b75a82,Granby Bistro and Deli,225 Granby Street
536186c405c6a22dc7b75a83,Granby Elementary School,7107 Newport Avenue
536186c705c6a22dc7b75a84,Great Wall,7862 Tidewater Dr. #104
536186ca05c6a22dc7b75a85,Hardee's,2301 E Little Creek Road
536186cc05c6a22dc7b75a86,Harris Teeter #378,1320 Colonial Avenue
536186ce05c6a22dc7b75a87,Hero's and Pizza,201 East Berkley Avenue #G
536186d705c6a22dc7b75a88,Jessy's Taqueria,3201 E Ocean View Ave #104
536186db05c6a22dc7b75a89,K & W Cafeterias Inc,7525 Tidewater Dr #48
536186db05c6a22dc7b75a8a,Katy's Take-Out,3375 Killam Avenue
536186dd05c6a22dc7b75a8b,Lake Taylor City Hospital,1309 Kempsville Road
536186e005c6a22dc7b75a8c,Lew's Hot Dogs,1531 Azalea Garden Road
536186e205c6a22dc7b75a8d,M Star Hotel,7950 Shore Dr.
536186e405c6a22dc7b75a8e,Mason Memorial Church Of God In Christ/Noah's Ark Pre-school,744 Goff Street
536186e605c6a22dc7b75a8f,May Mar,5030 E Princess Anne Road
536186e805c6a22dc7b75a90,Mazzika Mediterranean Restaurant,4800 Colley Ave
536186e905c6a22dc7b75a91,Moe's Southwest Grill,7550 Granby St #40
536186ec05c6a22dc7b75a92,Mona Lisa's Pizza,9583 Shore Drive
536186ee05c6a22dc7b75a93,New Hope Daycare,1401 Tidewater Drive
536186f105c6a22dc7b75a94,No Frill Bar And Grill,806 Spotswood Avenue
536186f805c6a22dc7b75a95,Norfolk State University Spartan Station,700 Park Ave.
536186f905c6a22dc7b75a96,Norfolk Yacht & Country Club,7001 Hampton Boulevard
536186fb05c6a22dc7b75a97,O'Sullivan's Wharf,4300 Colley Ave
536186fe05c6a22dc7b75a98,Oro Azteca,8001 Hampton Blvd
536186ff05c6a22dc7b75a99,Panera Bread,1140 N. Military Highway #800
5361870005c6a22dc7b75a9a,Pendulum Fine Meats,820 Shirley Avenue
5361870105c6a22dc7b75a9b,Play Jay's,2727 Azalea Garden Road
5361870305c6a22dc7b75a9c,Popeye's,5850 E. Virginia Beach Boulevard
5361870505c6a22dc7b75a9d,Qdoba Mexican Grill,1140 N. Military Hwy. #812
5361870605c6a22dc7b75a9e,Residence Inn Downtown (Kitchen),227 West Brambleton Ave
5361870805c6a22dc7b75a9f,Sabor Caribeno,7616 Sewells Point Road ##1
5361870a05c6a22dc7b75aa0,Sam's Texas Sub Shop,4311 Colley Avenue #A
5361870b05c6a22dc7b75aa1,Scope Concessions/Banquet Kitchen,201 E. Brambleton Ave.
5361870d05c6a22dc7b75aa2,Scott Dozier Dining Hall - NSU,700 Park Avenue
5361870e05c6a22dc7b75aa3,Showcase Restaurant,201 E. Brambleton Avenue
5361870f05c6a22dc7b75aa4,"Squires Club, Inc.",1890 E Little Creek Road
5361871605c6a22dc7b75aa5,Subway,7870 Tidewater Dr. #207
5361871705c6a22dc7b75aa6,Subway,720 Church St. #5
5361871905c6a22dc7b75aa7,Subway,880 N Military Highway
5361871a05c6a22dc7b75aa8,Sushi King,4249 E. Little Creek Road #A
5361871b05c6a22dc7b75aa9,Tarrallton Elementary School,2080 Tarrallton Drive
5361872305c6a22dc7b75aaa,"Ten Top, The",748 Shirley Avenue
5361872605c6a22dc7b75aab,Terrie's Breakfast & Lunch,5511 Faris Street
5361872805c6a22dc7b75aac,The Blackdog Catering Company,5360 Robin Hood Road
5361872b05c6a22dc7b75aad,The Green Onion,1603 Colley
5361872f05c6a22dc7b75aae,The Original Donut Dinette,1917 Colley Ave
5361873105c6a22dc7b75aaf,The Original Tony's Hot Dogs,2620 Lafayette Boulevard
5361873205c6a22dc7b75ab0,Titustown Recreation Center,7545 Diven St.
5361873405c6a22dc7b75ab1,Tortilla West,508 Orapax Street
5361873805c6a22dc7b75ab2,Tubby's Hot Dogs,4542 E. Princess Anne Road
5361873905c6a22dc7b75ab3,Twin Oaks Cafe & Coffee Shop,5800 Lake Wright Drive
5361873b05c6a22dc7b75ab4,Uno Chicago Grill,5900 E Virginia Beach Boulevard
5361873d05c6a22dc7b75ab5,Wan Shung Chinese Restaurant,1046 W. Little Creek Rd
5361874005c6a22dc7b75ab6,Wendy's,3542 N Military Highway
5361874205c6a22dc7b75ab7,Wendy's,1279 N. Military Highway
5361874405c6a22dc7b75ab8,West Cafeteria - NSU,700 Park Ave.
5361874505c6a22dc7b75ab9,Wing Soon,4100 Colley Avenue
5361874605c6a22dc7b75aba,Ya Ya Gourmet House,109 College Place #A
5362ba7cafbfd11644c3a76a,Discover Life Cafe,880 N Military Hwy
5362ba83afbfd11644c3a76b,Greenie's Restaurant,198 W Ocean View Avenue
5362ba89afbfd11644c3a76c,Lafayette - Winona Middle School,1701 Alsace Avenue
5362ba8bafbfd11644c3a76d,Lindenwood Elementary School,2700 Ludlow Street
5362ba95afbfd11644c3a76e,Sentara Village Of Norfolk,251 South Newtown Road
5362ba97afbfd11644c3a76f,Smalls Mobile,2700 Hampton Boulevard
5362ba9cafbfd11644c3a770,Subway,135 W Ocean View Avenue
5362baa2afbfd11644c3a771,Thirsty Camel,394 W Ocean View Avenue
5362baa5afbfd11644c3a772,Walter H. Taylor School,1122 W Princess Anne Road
5367bfa6afbfd10ce46cf03d,Campus Cup,310 Granby St
5367bfaeafbfd10ce46cf03f,Compass-USA Canteen,750 W Berkley Avenue
5367bfb1afbfd10ce46cf040,Dominic's of New York,750 W. Berkley Avenue
5367bfb6afbfd10ce46cf041,Domo Sushi,273 Granby Street
5367bfb9afbfd10ce46cf042,Doubletree by Hilton Norfolk Airport,1500 N Military Hwy
5367bfbbafbfd10ce46cf043,Epps Ice Cream,3387 Progress Rd
5367bfc2afbfd10ce46cf044,Hokkaido Japanese Sushi & Grill,233 Granby Street
5367bfc5afbfd10ce46cf045,Istanbul Gyro and Kebab,723 Monticello Ave
5367bfc6afbfd10ce46cf046,Jeepney Express,5224 E Princess Anne Road
5367bfc9afbfd10ce46cf047,Joy Bistro,3175 Azalea Garden Road #A
5367bfcfafbfd10ce46cf048,Max & Ermas,1500 North Military Hwy
5367bfd3afbfd10ce46cf049,Mc Donald's,7900 Shore Drive
5367bfd5afbfd10ce46cf04a,Noodles & Company,1520 Colley Avenue
5367bfd9afbfd10ce46cf04b,Old Virginia Ham Shop,217 E Little Creek Road
5367bfdfafbfd10ce46cf04c,Southside Boys & Girls Club Diggstown Unit,1401 Melon Street
5367bfe7afbfd10ce46cf04d,The Campus Cafe,310 Granby St
5367bfedafbfd10ce46cf04e,Yummy Wok,811 Brandon Ave
536b8978afbfd1096c3be90c,Bayview Elementary School,1434 Bayview Boulevard
536b8982afbfd1096c3be90e,Captain D's,6663 Virginia Beach Boulevard
536b8987afbfd1096c3be90f,Captain D's,831 E Little Creek Road
536b898bafbfd1096c3be910,Cold Stone Creamery,520 W. 21st Street #C
536b898eafbfd1096c3be911,D'EGG Diner,204 E. Main St.
536b8995afbfd1096c3be913,Domino's Pizza #4211,1774 East Little Creek rd
536b8998afbfd1096c3be914,Firehouse Subs,5802 E. Virginia Beach Boulevard #117
536b899cafbfd1096c3be915,Golden Chopsticks,8406 Hampton Blvd
536b899fafbfd1096c3be916,Granby Street Pizza,235 Granby Street
536b89a1afbfd1096c3be917,"Great American Bagel Bakery ""A""",2200 Norview Ave.
536b89a4afbfd1096c3be918,Greater Grinders,1515 Azalea Garden Road
536b89a7afbfd1096c3be919,Home Team Sports,2200 Norview Av
536b89a9afbfd1096c3be91a,Host FDY-ORF F&B; LLC-Back Bay Bistro,2200 Norview ave
536b89acafbfd1096c3be91b,James River Grill,2200 Norview Ave.
536b89afafbfd1096c3be91c,Larchmont School,1145 Bolling Ave
536b89b2afbfd1096c3be91d,M P Island Cafe and International Grocery,5947 East Virginia Beach Blvd.
536b89b5afbfd1096c3be91e,Mc Donald's,1046 Campostella Road
536b89baafbfd1096c3be91f,Mercy's Oriental Foods,7824 Gifford Street
536b89bdafbfd1096c3be920,New Hope Day Care,3232 Brest Avenue
536b89bfafbfd1096c3be921,Nordstrom Espresso Bar,301 Cumberland Street
536b89c1afbfd1096c3be922,Norfolk Tap Room,101 Granby St.
536b89c5afbfd1096c3be924,Paulie's Pizza,5800 Chesapeake Blvd.
536b89c7afbfd1096c3be925,Phillips Seafood/Pizza Hut,2200 Norview Avenue-Airport
536b89cbafbfd1096c3be926,Ruby Tuesday #4639,7725 Tidewater Dr
536b89cfafbfd1096c3be927,Subway,259 Granby Street
536b89d3afbfd1096c3be928,Sunset Grill,1525 Bayville St.
536b89d6afbfd1096c3be929,The Dawg Shack,7924 Chesapeake Blvd. #E
536b89d8afbfd1096c3be92a,Twisted Yogurt Bar,4306 Monarch Way
536b89daafbfd1096c3be92b,University Pizza,5008 Colley Ave
536b89dcafbfd1096c3be92c,Vintage Kitchen,999 Waterside Drive #117
536b89dfafbfd1096c3be92d,Wendy's,1380 E Little Creek Road
536b89e3afbfd1096c3be92e,Willoughby Inn,1534 W Ocean View Avenue
536b89e5afbfd1096c3be92f,Zero's,6161 Virginia Beach Boulevard
536b89e8afbfd1096c3be930,# 7 Katana Chinese Restaurant,1073 W 48th St
536b89ebafbfd1096c3be931,(OOB) La Esquinta Latina,5800 Chesapeake Blvd.
535328769047231f00c6410f,5Th National Banque,1849 E Little Creek Rd
5353288c9047231f00c64119,African Village Restaurant,3500 Granby Street
535328c79047231f00c64135,Ballentine,7211 Granby Street
535328f39047231f00c6414b,Bite Restaurant and Catering,440 Monticello Ave #110
535329229047231f00c64163,Burger King,2200 Norview ave
535329209047231f00c64162,Burger King,8506 Hampton Boulevard
535329429047231f00c64173,Cal'z Pizza #1,3824 E Little Creek Road
535329649047231f00c64185,Captain Groovy's Grill and Raw Bar,8101 Shore Dr.
